language,mentions
en,309936
ja,35935
es,29032
pt,24627
ar,12883
fr,9058
zh,6530
de,4510
hi,3590
ru,3519
id,2631
ko,1936
it,1322
th,1055
vi,1040
tr,920
fa,754
nl,721
pl,705
tl,637
ms,345
uk,320
ur,290
bn,271
ca,267
fi,248
sv,232
sr,231
hu,224
eo,175
cs,173
ro,138
no,130
ta,126
gl,124
da,110
el,110
mr,106
la,89
hr,84
gu,73
he,67
te,66
sl,64
mn,63
et,59
sw,50
eu,48
ml,45
km,42
kn,40
ne,39
bg,34
lt,32
br,32
an,30
ia,29
oc,29
pa,27
jv,24
mk,23
sk,23
io,23
uz,23
cy,22
su,22
si,22
fy,22
hy,20
sq,19
ht,18
ie,17
af,16
be,13
az,13
or,13
nn,12
ga,12
my,11
lv,11
ps,10
lb,10
sd,10
kk,10
is,8
so,7
bs,7
kw,6
dv,5
mg,5
ka,5
vo,4
gv,4
qu,4
ky,3
lo,3
gd,3
tg,3
wa,3
gn,2
sa,2
am,2
yo,2
tk,2
rm,2
tt,2
yi,1
mt,1
as,1
ku,1
ba,1
ug,1
sc,1
ce,1
cv,1
bh,1
