topic,keyword,count
Politics,trump,13582
Politics,government,3861
Politics,biden,3744
Politics,president,3625
Politics,election,3215
Politics,country,3198
Politics,vote,3138
Politics,war,2303
Politics,state,2287
Politics,israel,2284
People,god,2256
People,shit,1089
People,family,1082
People,thank,1011
People,happy,953
People,women,931
People,understand,922
People,men,890
People,hope,857
People,care,851
Sports,game,2557
Sports,team,2112
Sports,play,1149
Sports,win,1077
Sports,games,824
Sports,football,803
Sports,season,792
Sports,nba,768
Sports,players,690
Sports,player,688
Business,business,1279
Business,company,1107
Business,job,1071
Business,market,590
Business,companies,450
Business,ceo,439
Business,working,345
Business,money,340
Business,pay,340
Business,sell,326
Health,health,1497
Health,care,476
Health,body,474
Health,eat,459
Health,doctor,436
Health,covid,407
Health,medical,387
Health,healthy,386
Health,healthcare,349
Health,morning,348
Entertainment,game,2275
Entertainment,show,1965
Entertainment,lol,1965
Entertainment,video,1854
Entertainment,play,1752
Entertainment,movie,1664
Entertainment,watch,1659
Entertainment,music,1645
Entertainment,fun,1597
Entertainment,story,1337
Finance,money,1554
Finance,tax,931
Finance,pay,771
Finance,debt,614
Finance,financial,515
Finance,bank,464
Finance,budget,453
Finance,government,399
Finance,taxes,345
Finance,insurance,339
Economy,economy,880
Economy,inflation,598
Economy,money,482
Economy,economic,364
Economy,market,289
Economy,gdp,282
Economy,prices,254
Economy,income,216
Economy,government,213
Economy,unemployment,209
Law,law,784
Law,court,359
Law,legal,328
Law,god,328
Law,case,253
Law,crime,253
Law,justice,199
Law,police,183
Law,judge,183
Law,lawyer,179
Technology,app,1483
Technology,gmgmn,1308
Technology,free,1114
Technology,post,1103
Technology,game,885
Technology,check,808
Technology,technology,789
Technology,contact,734
Technology,message,727
Technology,phone,718
Social,twitter,1568
Social,social,1481
Social,friends,1035
Social,friend,968
Social,post,962
Social,media,778
Social,follow,712
Social,social media,591
Social,happy,585
Social,talk,568
Investing,buy,929
Investing,stock,728
Investing,market,615
Investing,gold,516
Investing,investment,468
Investing,price,447
Investing,bought,405
Investing,stocks,363
Investing,trading,363
Investing,worth,336
Environment,water,497
Environment,city,495
Environment,weather,456
Environment,morning,422
Environment,place,414
Environment,climate,390
Environment,beautiful,348
Environment,rain,342
Environment,cold,324
Environment,change,321
Science,science,489
Science,energy,345
Science,ufo,345
Science,data,296
Science,water,291
Science,research,281
Science,climate,241
Science,change,230
Science,nuclear,216
Science,space,196
Cryptocurrency,btc,5101
Cryptocurrency,bitcoin,2531
Cryptocurrency,pepe,2508
Cryptocurrency,doge,2428
Cryptocurrency,crypto,2402
Cryptocurrency,eth,2365
Cryptocurrency,sol,1837
Cryptocurrency,usdt,1686
Cryptocurrency,xrp,1532
Cryptocurrency,pnut,1265
