primary_theme,mentions,average_sentiment,top_emotion
Entertainment,80597,0.13036825192004667,admiration
Politics,69875,-0.1781241502683363,curiosity
People,66483,-0.033379360137177926,approval
Technology,54385,0.07154380803530384,curiosity
Social,34013,0.051232910945814836,curiosity
Sports,26512,0.07371511013880507,admiration
Environment,24043,0.015950380568148733,admiration
Cryptocurrency,20852,0.17481920199501247,curiosity
Business,16666,0.0623466938677547,curiosity
Health,15835,0.03008872750236817,admiration
Science,13805,0.02146939514668598,curiosity
Finance,10618,-0.003496421171595404,curiosity
Investing,8273,0.1330732503324066,curiosity
Economy,7374,-0.01280377000271223,approval
Law,7185,-0.09793180236604036,approval
